{
  "project_info": {
    "project_number": "573884202603",
    "project_id": "smart-travelling-4d577",
    "storage_bucket": "smart-travelling-4d577.appspot.com"
  },
  "client": [
    {
      "client_info": {
        "mobilesdk_app_id": "1:573884202603:android:1ece27d6d274d6977cfb2e",
        "android_client_info": {
          "package_name": "com.smarttravelling.smarttravelling121212"
        }
      },
      "oauth_client": [
        {
          "client_id": "573884202603-7mctqjq3qpue606u711kjp65scgkkgeb.apps.googleusercontent.com",
          "client_type": 3
        }
      ],
      "api_key": [
        {
          "current_key": "AIzaSyA7nTmlLmEaoIKNmz2zO3Llj8IBe-_TvaQ"
        }
      ],
      "services": {
        "appinvite_service": {
          "other_platform_oauth_client": [
            {
              "client_id": "573884202603-7mctqjq3qpue606u711kjp65scgkkgeb.apps.googleusercontent.com",
              "client_type": 3
            }
          ]
        }
      }
    }
  ],
  "configuration_version": "1"
}